respondent_id,respondent_id_source,respondent_id_confidence,source_file,sheet_name,inferred_role,original_persona_sheet_label,reported_brand_persona,brand_persona,classification_confidence,engagement_gate_satisfied,confidence,evidence_coverage,evidence_strength,persona_margin,answer_completeness,classification_consistency,sections_answered,has_jabc_experience,has_current_jabc_engagement,has_lapsed_jabc_engagement,intends_to_continue_jabc,is_aware_of_jabc,runs_external_programs,explores_external_programs,has_positive_external_experience,has_negative_external_experience,is_hesitant_about_external_programs,has_no_external_experience,has_current_barriers,jabc_recency_signal,external_disposition_signal,engagement_evidence,awareness_score,awareness_evidence_strength,awareness_evidence_status,understanding_score,understanding_evidence_strength,understanding_evidence_status,trust_score,trust_evidence_strength,trust_evidence_status,relevance_score,relevance_evidence_strength,relevance_evidence_status,ease_of_engagement_score,ease_of_engagement_evidence_strength,ease_of_engagement_evidence_status,advocacy_score,advocacy_evidence_strength,advocacy_evidence_status,average_score,overall_sentiment_label,overall_sentiment_score,manual_review_flag,manual_review_reason,classification_reasoning
Alison_Bain,filename,0.7,Interview_Alison_Bain_July21_Teacher_Unfamiliar.xlsx,Teacher Template,Teacher,Teacher Template,Potential Adopters,Brand Newbie,0.726,True,0.341,0.167,0.183,0.41,0.423,1.0,ABCDEI,False,False,False,False,False,True,False,False,False,True,False,False,0.0,-0.104,"has_jabc_experience: (suppressed) respondent denied any prior familiarity with JABC | has_positive_external_experience: [2.1.1] …valuable… Bizz kids has the full curriculum & digital, can print out materials & has videos go with  | is_aware_of_jabc: [3] (denied) nothing | is_hesitant_about_external_programs: [4] …nervous… a trippadation at the first time - as a teacher bringing new person in is taking a risk, y | is_hesitant_about_external_programs: [4] …risk… a trippadation at the first time - as a teacher bringing new person in is taking a risk, y",1.8,0.55,weak,3.0,0.0,insufficient,3.306,0.0,insufficient,2.4,0.55,mixed,3.009,0.0,weak,3.0,0.0,unknown,2.752,mixed,0.221,False,,"Selected Brand Newbie via engagement gate (margin=0.41). Persona scores: Brand Newbie=10.12 [gate] [+1 support], Brand Prospect=5.00 [+1 support], Non-Active Supporter=4.50, Brand Champion=2.67. Engagement state: sections=ABCDEI; flags=is_hesitant_about_external_programs, runs_external_programs; jabc_recency=+0.00; external_disposition=-0.10"
Alvina_Last,filename,0.7,Interview_Alvina_Last_July16_Teacher_Unfamiliar.xlsx,Teacher Template,Teacher,Teacher Template,Potential Adopters,Brand Prospect,0.846,True,0.348,0.0,0.208,0.56,0.562,1.0,ABCD,False,False,False,False,False,True,True,True,False,False,False,False,0.0,0.575,"has_jabc_experience: (suppressed) respondent denied any prior familiarity with JABC | has_positive_external_experience: [4] …valuable… For example, for the workshop from Science Made Fun: they brought in materials that were h | is_aware_of_jabc: [3] (denied) Not familiar with either | is_aware_of_jabc: [3] (negated) …Not familiar…",1.443,0.7,mixed,3.0,0.0,insufficient,3.0,0.0,insufficient,3.6,0.55,weak,3.0,0.0,unknown,3.0,0.0,unknown,2.841,positive,0.384,False,,"Selected Brand Prospect via engagement gate (margin=0.56). Persona scores: Brand Prospect=11.35 [gate] [+2 support], Non-Active Supporter=4.35, Brand Newbie=3.50, Brand Champion=3.17. Engagement state: sections=ABCD; flags=explores_external_programs, has_positive_external_experience, runs_external_programs; jabc_recency=+0.00; external_disposition=+0.57"
Amanda_Reid,filename,0.7,Interview_Amanda_Reid_July15_Teacher_Unfamiliar.xlsx,Teacher Template,Teacher,Teacher Template,Potential Adopters,Brand Prospect,0.764,True,0.344,0.0,0.183,0.52,0.625,1.0,ABCDJ,False,False,False,False,False,True,True,False,False,False,False,False,0.0,0.21,has_jabc_experience: (suppressed) respondent denied any prior familiarity with JABC | is_aware_of_jabc: [3] (denied) Not at all familiar | is_aware_of_jabc: [3] (negated) …Not at all familiar…,1.8,0.55,mixed,3.0,0.0,insufficient,3.0,0.0,unknown,3.6,0.55,mixed,3.0,0.0,unknown,3.0,0.0,unknown,2.9,positive,0.526,False,,"Selected Brand Prospect via engagement gate (margin=0.52). Persona scores: Brand Prospect=11.00 [gate] [+1 support], Non-Active Supporter=4.50, Brand Newbie=3.50, Brand Champion=3.17. Engagement state: sections=ABCDJ; flags=explores_external_programs, runs_external_programs; jabc_recency=+0.00; external_disposition=+0.21"
Amy_Fehst,filename,0.7,Interview_Amy_Fehst _July24_Teacher_Familiar.xlsx,Teacher Template,Teacher,Teacher Template,Established Supporters,Brand Champion,0.66,True,0.489,0.444,0.367,0.415,0.538,1.0,ABCDEI,True,True,False,False,True,False,False,False,False,False,True,False,0.762,0.0,"has_current_jabc_engagement: [2.1.1] …every year… JABC - she had a friend working for JABC, she introduced it to her and asked her if she ca | has_current_jabc_engagement: [5] …last year… difficult: open links within the slide deck, can't get videos open - videos can't open, no | has_jabc_experience: [5] difficult: open links within the slide deck, can't get videos open - videos can't open, not accessible to search online too; maybe an easily accessibl",3.22,0.55,mixed,3.923,0.55,supported,3.678,0.0,insufficient,3.187,0.55,mixed,3.957,0.55,mixed,3.0,0.0,weak,3.494,positive,0.361,False,,"Selected Brand Champion via engagement gate (margin=0.41). Persona scores: Brand Champion=9.89 [gate], Brand Prospect=4.70 [+1 support], Non-Active Supporter=4.60, Brand Newbie=2.60 [+1 support]. Engagement state: sections=ABCDEI; flags=has_current_jabc_engagement, has_jabc_experience, has_no_external_experience, is_aware_of_jabc; jabc_recency=+0.76; external_disposition=+0.00"
Andrea_Nasiopoulos,filename,0.7,Interview_Andrea_Nasiopoulos_July15_Teacher_Unfamiliar.xlsx,Teacher Template,Teacher,Teacher Template,Potential Adopters,Brand Prospect,0.847,True,0.332,0.056,0.183,0.562,0.381,1.0,ABCDI,False,False,False,False,False,True,True,True,True,False,False,False,0.0,0.18,"has_jabc_experience: (suppressed) respondent denied any prior familiarity with JABC | has_negative_external_experience: [4] …didn't choose… not a lot choices - funtus and panel, philosophy very controversial, so didn't choose | has_negative_external_experience: [4] …controversial… not a lot choices - funtus and panel, philosophy very controversial, so didn't choose | has_positive_external_experience: [2.1.1] …easy to follow… free, with slides; also an ontario version. Heard about it, seen daughter's class doing it | has_positive_external_experience: [2.1.1] …easy to download… free, with slides; also an ontario version. Heard about it, seen daughter's class doing it | is_aware_of_jabc: [3] (denied) not at all | is_aware_of_jabc: [3] (negated) …not at all…",1.8,0.55,weak,3.0,0.0,insufficient,3.0,0.0,insufficient,3.6,0.55,mixed,3.0,0.0,insufficient,2.944,0.0,weak,2.891,mixed,0.258,False,,"Selected Brand Prospect via engagement gate (margin=0.56). Persona scores: Brand Prospect=11.52 [gate] [+2 support], Non-Active Supporter=4.50, Brand Newbie=4.02 [+1 support], Brand Champion=3.14. Engagement state: sections=ABCDI; flags=explores_external_programs, has_negative_external_experience, has_positive_external_experience, runs_external_programs; jabc_recency=+0.00; external_disposition=+0.18"
Ashley_Warawa,filename,0.7,Interview_Ashley_Warawa_July20_Teacher_Active.xlsx,Teacher Template,Teacher,Teacher Template,Established Supporters,Brand Champion,0.647,True,0.41,0.278,0.375,0.376,0.385,1.0,ABCDEI,True,True,False,False,True,True,True,False,False,False,False,False,0.0,0.123,"has_jabc_experience: [5] has slide decks she can make into her own, still use these slides to teach financial literacy; changed but bones are there
content easy to find & unde | has_jabc_experience: [5] has slide decks she can make into her own, still use these slides to teach financial literacy; changed but bones are there
content easy to find & unde | is_aware_of_jabc: [1.4] (negated) …no idea what…",3.22,0.55,weak,3.168,0.55,mixed,4.356,0.0,insufficient,3.6,0.55,mixed,4.356,0.6,supported,3.207,0.0,weak,3.651,positive,0.518,False,,"Selected Brand Champion via engagement gate (margin=0.38). Persona scores: Brand Champion=9.83 [gate], Brand Prospect=5.13 [+2 support], Non-Active Supporter=4.44, Brand Newbie=1.79. Engagement state: sections=ABCDEI; flags=explores_external_programs, has_current_jabc_engagement, has_jabc_experience, is_aware_of_jabc, runs_external_programs; jabc_recency=+0.00; external_disposition=+0.12"
Breton_Coons,filename,0.7,Interview_Breton_Coons _July24_Teacher_Familiar.xlsx,Teacher Template,Teacher,Teacher Template,Established Supporters,Brand Champion,0.661,True,0.436,0.333,0.271,0.417,0.565,1.0,ABCEI,True,True,False,False,True,False,False,False,False,False,True,False,0.964,0.0,"has_current_jabc_engagement: [5] …this year… career ed on report card - part of that she can report on what kids learn from these works | has_current_jabc_engagement: [5] …every year… career ed on report card - part of that she can report on what kids learn from these works | has_jabc_experience: [5] career ed on report card - part of that she can report on what kids learn from these workshops/volunteers; let parents know what is covered
every year | has_jabc_experience: [5.4] usually every years, 8-10 times; usually in the past more than money, this year change the offering for grade 4-5, similar program
whether it covers c",3.22,0.0,weak,3.94,0.55,mixed,4.336,0.0,insufficient,3.0,0.0,insufficient,3.114,0.55,supported,3.831,0.525,mixed,3.573,positive,0.421,False,,"Selected Brand Champion via engagement gate (margin=0.42). Persona scores: Brand Champion=10.16 [gate], Non-Active Supporter=4.95, Brand Prospect=4.21 [+1 support], Brand Newbie=2.75 [+1 support]. Engagement state: sections=ABCEI; flags=has_current_jabc_engagement, has_jabc_experience, has_no_external_experience, is_aware_of_jabc; jabc_recency=+0.96; external_disposition=+0.00"
Cole_Auringer,filename,0.7,Interview_Cole_Auringer_July21_Teacher_Familiar.xlsx,Teacher Template,Teacher,Teacher Template,Established Supporters,Non-Active Supporter,0.677,True,0.351,0.056,0.367,0.463,0.333,1.0,ABCEFI,True,False,True,False,True,True,True,False,False,False,False,False,-1.0,0.333,"has_jabc_experience: [5] We did a project 10 years ago where we brought a parent in who was attached to JA, a business guy, we had a leadership thing with grade 5-6 again. We  | has_jabc_experience: [5] We did a project 10 years ago where we brought a parent in who was attached to JA, a business guy, we had a leadership thing with grade 5-6 again. We  | has_lapsed_jabc_engagement: [3] …years ago… I am aware because I used it 10 years ago but I hadn't really considered it since then, an | has_lapsed_jabc_engagement: [3] …hadn't really considered… I am aware because I used it 10 years ago but I hadn't really considered it since then, an",4.1,0.55,weak,3.8,0.55,weak,3.0,0.0,unknown,3.6,0.55,weak,2.908,0.55,mixed,3.0,0.0,insufficient,3.401,positive,0.53,False,,"Selected Non-Active Supporter via engagement gate (margin=0.46). Persona scores: Non-Active Supporter=11.00 [gate], Brand Prospect=5.21 [+2 support], Brand Champion=4.33, Brand Newbie=2.33. Engagement state: sections=ABCEFI; flags=explores_external_programs, has_jabc_experience, has_lapsed_jabc_engagement, is_aware_of_jabc, runs_external_programs; jabc_recency=-1.00; external_disposition=+0.33"
David_Welch,filename,0.7,Interview_David Welch_July17_Teacher_Active.xlsx,Teacher Template,Teacher,Teacher Template,Established Supporters,Brand Champion,0.805,True,0.525,0.333,0.6,0.443,0.577,1.0,ABCDEIJ,True,True,False,True,True,True,True,True,False,False,False,False,0.0,0.408,"has_jabc_experience: [5] no trouble scheduling volunteers, school is smaller, more flexibility to accommodate; | has_jabc_experience: [5.2] its fine; JABC portal not smoothest, lots of scrolling to find things, not at the top of the webpage | has_positive_external_experience: [2.1.1] …open to… not open to talk about other programs | intends_to_continue_jabc: [4] …continue… JABC - 10yr ago, 1 student's parent was involved as presenter, parent asked if they want t | intends_to_continue_jabc: [9.3] …would recommend… talked about JABC at staff meetings, would recommend for business, financial literacy prog",3.22,0.55,weak,3.133,0.55,mixed,3.5,0.55,weak,3.6,0.55,weak,3.915,0.55,supported,4.664,0.85,weak,3.672,mixed,0.274,False,,"Selected Brand Champion via engagement gate (margin=0.44). Persona scores: Brand Champion=11.15 [gate] [+2 support], Brand Prospect=5.61 [+3 support], Non-Active Supporter=4.84 [+1 support], Brand Newbie=2.35. Engagement state: sections=ABCDEIJ; flags=explores_external_programs, has_current_jabc_engagement, has_jabc_experience, has_positive_external_experience, intends_to_continue_jabc, is_aware_of_jabc, runs_external_programs; jabc_recency=+0.00; external_disposition=+0.41"
David_Scott,filename,0.7,Interview_David_Scott_July22_Teacher_.xlsx,Teacher Template,Teacher,Teacher Template,Potential Adopters,Brand Prospect,0.835,True,0.365,0.167,0.183,0.529,0.423,1.0,ABCDEI,0,False,False,False,True,True,True,False,False,False,False,False,0.0,0.242,,3.24,0.55,weak,3.0,0.0,insufficient,3.223,0.0,weak,3.6,0.55,mixed,3.08,0.0,weak,3.0,0.0,unknown,3.191,positive,0.362,False,,"Selected Brand Prospect via engagement gate (margin=0.53). Persona scores: Brand Prospect=11.58 [gate] [+2 support], Non-Active Supporter=4.97, Brand Champion=3.68, Brand Newbie=2.86. Engagement state: sections=ABCDEI; flags=explores_external_programs, is_aware_of_jabc, runs_external_programs; jabc_recency=+0.00; external_disposition=+0.24"
Erin_Paul,filename,0.7,Interview_Erin_Paul_July20_Teacher_Active1.xlsx,Teacher Template,Teacher,Teacher Template,Established Supporters,Brand Champion,0.816,True,0.391,0.278,0.183,0.475,0.444,1.0,ACEI,True,True,False,True,True,False,False,False,False,False,True,False,0.0,0.0,"has_jabc_experience: [5] went well to a day over 4 weeks, dollar in sense & all about money 
2 classes back to back, worked really well for sb to come back to back to do these | intends_to_continue_jabc: [5] …come back… went well to a day over 4 weeks, dollar in sense & all about money 
2 classes back to back | intends_to_continue_jabc: [9.3] …def recommend… def recommend it; it's a specialized topic - they have solid programming, would have physi",3.22,0.0,weak,3.867,0.55,mixed,4.0,0.0,insufficient,3.0,0.0,insufficient,3.276,0.0,weak,4.278,0.55,mixed,3.607,mixed,0.287,False,,"Selected Brand Champion via engagement gate (margin=0.47). Persona scores: Brand Champion=11.20 [gate] [+2 support], Non-Active Supporter=5.27 [+1 support], Brand Prospect=4.31 [+1 support], Brand Newbie=2.85 [+1 support]. Engagement state: sections=ACEI; flags=has_current_jabc_engagement, has_jabc_experience, has_no_external_experience, intends_to_continue_jabc, is_aware_of_jabc; jabc_recency=+0.00; external_disposition=+0.00"
Felix_Nelson,filename,0.7,Interview_Felix_Nelson_July22_Teacher_Unfamiliar.xlsx,Teacher Template,Teacher,Teacher Template,Potential Adopters,Brand Prospect,0.764,True,0.313,0.0,0.208,0.52,0.381,1.0,ABCDI,False,False,False,False,False,True,True,False,False,False,False,False,0.0,0.113,"has_jabc_experience: (suppressed) respondent denied any prior familiarity with JABC | is_aware_of_jabc: [3] (denied) before today only limited awareness, only know it's supporting work readiness, entrepreneurship; not familiar with progr | is_aware_of_jabc: [3] (negated) …not familiar…",1.443,0.7,mixed,3.0,0.0,insufficient,3.0,0.0,unknown,3.6,0.55,mixed,3.0,0.0,insufficient,3.0,0.0,unknown,2.841,mixed,0.21,False,,"Selected Brand Prospect via engagement gate (margin=0.52). Persona scores: Brand Prospect=10.85 [gate] [+1 support], Non-Active Supporter=4.35, Brand Newbie=3.50, Brand Champion=3.17. Engagement state: sections=ABCDI; flags=explores_external_programs, runs_external_programs; jabc_recency=+0.00; external_disposition=+0.11"
Heather_Briske,filename,0.7,Interview_Heather_Briske _July24_Teacher_Familiar.xlsx,Teacher Template,Teacher,Teacher Template,Established Supporters,Brand Champion,0.655,True,0.393,0.222,0.367,0.401,0.36,1.0,ACDEFI,True,True,False,False,True,False,False,False,False,False,True,False,-0.201,0.0,"has_current_jabc_engagement: [1.4] …last year… she has done JABC financial literacy program couple years ago with grade 6 - last year she | has_current_jabc_engagement: [3.1] …last year… came through their weekly emails and postings; apply through weekly emails; missed the one | has_jabc_experience: [5] JABC organizes volunteers for them; difficult, pp who come in surrey schools must be vetted and approved from district; JABC's volunteers are already  | has_jabc_experience: [5] JABC organizes volunteers for them; difficult, pp who come in surrey schools must be vetted and approved from district; JABC's volunteers are already  | has_lapsed_jabc_engagement: [1.4] …years ago… she has done JABC financial literacy program couple years ago with grade 6 - last year she",3.22,0.55,weak,3.8,0.55,mixed,3.398,0.55,weak,3.0,0.0,insufficient,3.721,0.55,supported,3.0,0.0,unknown,3.357,positive,0.538,False,,"Selected Brand Champion via engagement gate (margin=0.40). Persona scores: Brand Champion=9.76 [gate], Brand Prospect=4.75 [+1 support], Non-Active Supporter=4.70, Brand Newbie=2.94 [+1 support]. Engagement state: sections=ACDEFI; flags=has_current_jabc_engagement, has_jabc_experience, has_no_external_experience, is_aware_of_jabc; jabc_recency=-0.20; external_disposition=+0.00"
Joshua_Jason,filename,0.7,Interview_Joshua_Jason_July22_Teacher_Unfamiliar.xlsx,Teacher Template,Teacher,Teacher Template,Potential Adopters,Brand Prospect,0.755,True,0.301,0.056,0.092,0.492,0.423,1.0,ABCDEI,False,False,False,False,False,True,True,False,False,False,False,False,0.0,0.186,has_jabc_experience: (suppressed) respondent denied any prior familiarity with JABC | is_aware_of_jabc: [3] (denied) not at all | is_aware_of_jabc: [3] (negated) …not at all…,3.0,0.0,unknown,3.0,0.0,insufficient,3.0,0.0,insufficient,3.6,0.55,mixed,3.168,0.0,weak,3.0,0.0,unknown,3.128,mixed,0.289,False,,"Selected Brand Prospect via engagement gate (margin=0.49). Persona scores: Brand Prospect=11.08 [gate] [+1 support], Non-Active Supporter=4.93, Brand Champion=3.58, Brand Newbie=3.01. Engagement state: sections=ABCDEI; flags=explores_external_programs, runs_external_programs; jabc_recency=+0.00; external_disposition=+0.19"
Karina_Thygesen,filename,0.7,Interview_Karina Thygesen_July21_Teacher_Active.xlsx,Teacher Template,Teacher,Teacher Template,Established Supporters,Brand Champion,0.655,True,0.408,0.222,0.367,0.4,0.462,1.0,ABCDEI,True,True,False,False,True,True,True,False,False,False,False,False,0.762,0.123,"has_current_jabc_engagement: [3] …recently… 3 out of 5. She has looked at the JABC website, receives JABC emails, and has tried the Pi | has_current_jabc_engagement: [5] …most recent… Her most recent JABC experience went very well overall. Booking was easy, and participatio | has_jabc_experience: [5] Her most recent JABC experience went very well overall. Booking was easy, and participation in her class was good. Her main wish is that more educator | has_jabc_experience: [5] Her most recent JABC experience went very well overall. Booking was easy, and participation in her class was good. Her main wish is that more educator",3.22,0.55,mixed,3.165,0.55,mixed,4.352,0.0,insufficient,3.0,0.0,unknown,4.109,0.55,mixed,4.166,0.55,weak,3.669,positive,0.39,False,,"Selected Brand Champion via engagement gate (margin=0.40). Persona scores: Brand Champion=9.91 [gate], Brand Prospect=4.91 [+2 support], Non-Active Supporter=4.47, Brand Newbie=2.15. Engagement state: sections=ABCDEI; flags=explores_external_programs, has_current_jabc_engagement, has_jabc_experience, is_aware_of_jabc, runs_external_programs; jabc_recency=+0.76; external_disposition=+0.12"
Kimberly_Hlina,filename,0.7,Interview_Kimberly_Hlina_July20_Teacher_Familiar.xlsx,Teacher Template,Teacher,Teacher Template,Established Supporters,Brand Champion,0.637,True,0.354,0.167,0.275,0.349,0.435,1.0,ABCEI,True,True,False,False,True,True,True,True,False,False,False,False,0.462,0.602,has_current_jabc_engagement: [3] …we do… Only ever done the 1 course and I did it on my own prior to doing it with students and cre | has_jabc_experience: [5] The first year we did it as the students signed up on their own and they worked through the modules and I just created google classroom assignments to | has_jabc_experience: [5] The first year we did it as the students signed up on their own and they worked through the modules and I just created google classroom assignments to | has_positive_external_experience: [2.1.1] …really good… We do have somebody come in for 1 day to do part of our sexual health component as part of,3.22,0.55,mixed,3.919,0.55,mixed,4.0,0.0,insufficient,3.6,0.55,mixed,3.38,0.0,weak,3.0,0.0,insufficient,3.52,positive,0.389,False,,"Selected Brand Champion via engagement gate (margin=0.35). Persona scores: Brand Champion=10.06 [gate], Brand Prospect=5.70 [+3 support], Non-Active Supporter=4.84, Brand Newbie=2.03. Engagement state: sections=ABCEI; flags=explores_external_programs, has_current_jabc_engagement, has_jabc_experience, has_positive_external_experience, is_aware_of_jabc, runs_external_programs; jabc_recency=+0.46; external_disposition=+0.60"
Lesley_Whiteside,filename,0.7,Interview_Lesley_Whiteside _July24_Teacher_Familiar.xlsx,Teacher Template,Teacher,Teacher Template,Established Supporters,Brand Champion,0.825,True,0.49,0.222,0.458,0.5,0.722,1.0,ABEI,True,True,False,True,True,True,True,False,False,False,False,False,0.0,0.104,"has_jabc_experience: [5] 4th yr doing JABC, same as all external community members; amazing experience & some aren't as amazing, also okay cuz she and students can learn from  | has_jabc_experience: [5] 4th yr doing JABC, same as all external community members; amazing experience & some aren't as amazing, also okay cuz she and students can learn from  | intends_to_continue_jabc: [9.3] …continue… she recommends - she would pull coworkers into her classes and do with them too; will supp",4.1,0.55,weak,3.8,0.55,mixed,3.328,0.55,weak,3.6,0.55,mixed,3.754,0.55,mixed,3.231,0.0,weak,3.635,mixed,0.335,False,,"Selected Brand Champion via engagement gate (margin=0.50). Persona scores: Brand Champion=11.43 [gate] [+2 support], Non-Active Supporter=5.19 [+1 support], Brand Prospect=5.11 [+2 support], Brand Newbie=1.88. Engagement state: sections=ABEI; flags=explores_external_programs, has_current_jabc_engagement, has_jabc_experience, intends_to_continue_jabc, is_aware_of_jabc, runs_external_programs; jabc_recency=+0.00; external_disposition=+0.10"
Lori_Christensen,filename,0.7,Interview_Lori_Christensen_July17_Teacher_Familiar.xlsx,Teacher Template,Teacher,Teacher Template,Potential Adopters,Brand Prospect,0.833,True,0.348,0.111,0.183,0.523,0.429,1.0,ABCDI,0,False,False,False,True,True,True,False,False,False,False,False,0.0,0.281,,4.12,0.55,mixed,3.0,0.0,insufficient,3.0,0.0,weak,3.6,0.55,mixed,3.0,0.0,unknown,3.0,0.0,unknown,3.287,positive,0.363,False,,"Selected Brand Prospect via engagement gate (margin=0.52). Persona scores: Brand Prospect=11.53 [gate] [+2 support], Non-Active Supporter=5.00, Brand Champion=4.00, Brand Newbie=2.67. Engagement state: sections=ABCDI; flags=explores_external_programs, is_aware_of_jabc, runs_external_programs; jabc_recency=+0.00; external_disposition=+0.28"
Lukas_Yan,filename,0.7,Interview_Lukas_Yan_July24_Teacher_Familiar.xlsx,Teacher Template,Teacher,Teacher Template,Established Supporters,Brand Champion,0.612,True,0.366,0.278,0.183,0.319,0.538,0.928,ABCDEI,True,True,False,False,True,True,False,False,False,True,False,False,0.905,-0.572,"has_current_jabc_engagement: [5] …this year… Economic for Success - students enjoy the content; board game style, good get-away from co | has_current_jabc_engagement: [5] …last year… Economic for Success - students enjoy the content; board game style, good get-away from co | has_jabc_experience: [5] Economic for Success - students enjoy the content; board game style, good get-away from course work; assign themselves with their own group with frien | has_jabc_experience: [5.2] pretty easy; got his account & applied & got contacted by JABC quick | is_hesitant_about_external_programs: [2.1] …nervous… guest speakers - finance, invited RBC agents, introduce diff account types & investment st",3.22,0.0,weak,3.176,0.55,mixed,3.274,0.0,insufficient,3.0,0.0,unknown,3.746,0.55,supported,3.0,0.0,unknown,3.236,mixed,0.289,False,,"Selected Brand Champion via engagement gate (margin=0.32). Persona scores: Brand Champion=9.50 [gate], Brand Prospect=5.51 [+2 support], Non-Active Supporter=4.69, Brand Newbie=3.24 [+1 support]. Engagement state: sections=ABCDEI; flags=has_current_jabc_engagement, has_jabc_experience, is_aware_of_jabc, is_hesitant_about_external_programs, runs_external_programs; jabc_recency=+0.91; external_disposition=-0.57"
Madeline_Deis,filename,0.7,Interview_Madeline_Deis_July27_Teacher_Unfamiliar.xlsx,Teacher Template,Teacher,Teacher Template,Potential Adopters,Brand Prospect,0.834,True,0.314,0.0,0.092,0.527,0.571,1.0,ABCDI,False,False,False,False,False,True,True,True,False,False,False,False,0.0,0.654,"has_jabc_experience: (suppressed) respondent denied any prior familiarity with JABC | has_positive_external_experience: [4] …valuable… flexibility & ease of booking, don't like lots of back and forth; time is so valuable
how  | has_positive_external_experience: [4] …worth it… flexibility & ease of booking, don't like lots of back and forth; time is so valuable
how  | is_aware_of_jabc: [3] (denied) not at all | is_aware_of_jabc: [3] (negated) …not at all…",3.0,0.0,unknown,3.0,0.0,insufficient,3.0,0.0,unknown,3.6,0.55,mixed,3.0,0.0,insufficient,3.0,0.0,unknown,3.1,positive,0.366,False,,"Selected Brand Prospect via engagement gate (margin=0.53). Persona scores: Brand Prospect=11.58 [gate] [+2 support], Non-Active Supporter=5.00, Brand Champion=3.58, Brand Newbie=3.08. Engagement state: sections=ABCDI; flags=explores_external_programs, has_positive_external_experience, runs_external_programs; jabc_recency=+0.00; external_disposition=+0.65"
Man_Leung,filename,0.7,Interview_Man_Leung_July24_Teacher_Familiar.xlsx,Teacher Template,Teacher,Teacher Template,Potential Adopters,Brand Prospect,0.807,True,0.541,0.444,0.458,0.449,0.692,1.0,ABCDEI,False,False,False,True,False,True,True,True,False,False,False,False,0.987,0.626,"has_current_jabc_engagement: [5] …This year… I joined 3 workshops for the past JABC. Over two years. This year and last year. 2024 and  | has_current_jabc_engagement: [5] …last year… I joined 3 workshops for the past JABC. Over two years. This year and last year. 2024 and  | has_jabc_experience: [5] I joined 3 workshops for the past JABC. Over two years. This year and last year. 2024 and 2025, and 2025-2026

I believe that the banker was a financi | has_jabc_experience: [5] I joined 3 workshops for the past JABC. Over two years. This year and last year. 2024 and 2025, and 2025-2026

I believe that the banker was a financi | has_positive_external_experience: [4.2] …really great… I would say the guest speaker, the one that really inspired me a lot, her experiences and  | intends_to_continue_jabc: [9.3] …highly recommend… I would highly recommend it to my colleagues. I'm a really big fan for project learning I  | intends_to_continue_jabc: [9.3] …recommend it… I would highly recommend it to my colleagues. I'm a really big fan for project learning I  | is_aware_of_jabc: [3] (denied) Not at all familiar with JA, Familiar with JABC | is_aware_of_jabc: [3] (negated) …Not at all familiar…",2.76,0.55,mixed,3.969,0.55,mixed,2.99,0.55,mixed,3.248,0.0,weak,3.703,0.55,supported,4.293,0.55,weak,3.494,positive,0.542,False,,"Selected Brand Prospect via engagement gate (margin=0.45). Persona scores: Brand Prospect=10.76 [gate] [+2 support], Brand Champion=5.15 [+2 support], Non-Active Supporter=4.98 [+1 support], Brand Newbie=2.63. Engagement state: sections=ABCDEI; flags=explores_external_programs, has_positive_external_experience, intends_to_continue_jabc, runs_external_programs; jabc_recency=+0.99; external_disposition=+0.63"
Marci_Goldman,filename,0.7,Interview_Marci_Goldman_July20_Teacher_Familiar.xlsx,Teacher Template,Teacher,Teacher Template,Established Supporters,Brand Champion,0.841,True,0.463,0.278,0.367,0.546,0.524,1.0,ABCDE,True,True,False,True,True,True,True,False,False,False,False,False,0.443,0.231,"has_current_jabc_engagement: [1.4] …This year… Try to do an all-year thing, try to add in JA curriculum and combine with own. It's part o | has_current_jabc_engagement: [2.1.1] …last year… I really just like Junior Achievement, if I saw something that was valuable for my student | has_jabc_experience: [5] This year was awesome, was so engaging and was so great all students participated. Was done in a way that was easy for the class to understand. The vo | has_jabc_experience: [5.1] Speaking on the slides, I found it really confusing so I didn't know how to log in, when Mike came in I saved password. I found the actual website, un | has_lapsed_jabc_engagement: [5] …years ago… This year was awesome, was so engaging and was so great all students participated. Was don | intends_to_continue_jabc: [3.3] …Highly recommend… Highly recommend it, would talk about the curriculum as it follows it perfectly. Would tal | intends_to_continue_jabc: [3.3] …recommend it… Highly recommend it, would talk about the curriculum as it follows it perfectly. Would tal",3.22,0.0,weak,3.947,0.55,mixed,4.381,0.0,insufficient,3.6,0.55,mixed,4.02,0.55,supported,5.0,0.55,weak,4.028,positive,0.633,False,,"Selected Brand Champion via engagement gate (margin=0.55). Persona scores: Brand Champion=11.49 [gate] [+2 support], Non-Active Supporter=4.66 [+1 support], Brand Prospect=4.61 [+2 support], Brand Newbie=1.60. Engagement state: sections=ABCDE; flags=explores_external_programs, has_current_jabc_engagement, has_jabc_experience, intends_to_continue_jabc, is_aware_of_jabc, runs_external_programs; jabc_recency=+0.44; external_disposition=+0.23"
Nicholas_Fitzgerald,filename,0.7,Interview_Nicholas_Fitzgerald_July23_Teacher_Familiar.xlsx,Teacher Template,Teacher,Teacher Template,Potential Adopters,Brand Newbie,0.739,True,0.403,0.222,0.275,0.446,0.522,1.0,ABCEI,False,False,False,False,False,False,False,False,False,False,True,False,0.462,0.0,"has_current_jabc_engagement: [2.1.1] …came back… It was good, in Ireland there was a program run by the arts council, can't remember the na | has_jabc_experience: [5] I think we did the Economics for Success workshop. I'd say the Pros were that the administration behind was fantastic, really well organized, the peop | has_jabc_experience: [5] I think we did the Economics for Success workshop. I'd say the Pros were that the administration behind was fantastic, really well organized, the peop | is_aware_of_jabc: [3] (denied) 5 extremely familiar with JABC. 1 not at all familiar with JA as a whole. | is_aware_of_jabc: [3] (negated) …not at all familiar…",1.8,0.55,mixed,3.0,0.0,insufficient,3.429,0.55,weak,3.0,0.0,insufficient,2.962,0.55,mixed,3.046,0.0,weak,2.873,positive,0.488,False,,"Selected Brand Newbie via engagement gate (margin=0.45). Persona scores: Brand Newbie=10.07 [gate] [+1 support], Non-Active Supporter=4.50, Brand Prospect=4.48, Brand Champion=2.94. Engagement state: sections=ABCEI; flags=has_no_external_experience; jabc_recency=+0.46; external_disposition=+0.00"
Rachel_Tremblay-Cote,filename,0.7,Interview_Rachel Tremblay-Cote_July17_Teacher_Active.xlsx,Teacher Template,Teacher,Teacher Template,Established Supporters,Brand Champion,0.653,True,0.341,0.167,0.183,0.394,0.444,1.0,ACEI,True,True,False,False,True,False,False,False,False,False,True,False,0.462,0.0,"has_current_jabc_engagement: [1.4] …2025… reach out to JABC for entrepreneurship class, no experience in finance, market research; r | has_jabc_experience: [5] 3 program experience
company program - didn't go well; first time experiencing lots of difficulty wt JABC; program is very dense and long, lots of rea | has_jabc_experience: [5] 3 program experience
company program - didn't go well; first time experiencing lots of difficulty wt JABC; program is very dense and long, lots of rea",3.22,0.0,weak,3.944,0.55,mixed,4.0,0.0,insufficient,3.0,0.0,insufficient,3.242,0.55,mixed,3.0,0.0,unknown,3.401,positive,0.381,False,,"Selected Brand Champion via engagement gate (margin=0.39). Persona scores: Brand Champion=9.82 [gate], Non-Active Supporter=4.90, Brand Prospect=4.69 [+1 support], Brand Newbie=2.83 [+1 support]. Engagement state: sections=ACEI; flags=has_current_jabc_engagement, has_jabc_experience, has_no_external_experience, is_aware_of_jabc; jabc_recency=+0.46; external_disposition=+0.00"
Rory_Payment,filename,0.7,Interview_Rory_Payment_July14_Teacher_Unfamiliar.xlsx,Teacher Template,Teacher,Teacher Template,Potential Adopters,Brand Newbie,0.819,True,0.352,0.056,0.242,0.484,0.524,1.0,ABCDIJ,False,False,False,False,False,True,False,False,True,True,False,False,0.0,-0.506,"has_jabc_experience: (suppressed) respondent denied any prior familiarity with JABC | has_negative_external_experience: [2.1.1] …only worked out once… There are external classroom programming for digital literacy that seems similar to what w | has_negative_external_experience: [4] …waste of time… As a teacher in grade 8, if someone is a horrible speaker, it can be a waste of time, but  | is_aware_of_jabc: [3] (denied) 1 never heard of it before, either JA or JABC | is_aware_of_jabc: [3] (negated) …never heard… | is_hesitant_about_external_programs: [2.1.1] …take a chance… There are external classroom programming for digital literacy that seems similar to what w | is_hesitant_about_external_programs: [4] …fear… As a teacher in grade 8, if someone is a horrible speaker, it can be a waste of time, but ",1.371,0.9,weak,3.0,0.0,insufficient,3.0,0.0,insufficient,2.4,0.55,mixed,3.0,0.0,insufficient,3.278,0.0,weak,2.675,mixed,0.287,False,,"Selected Brand Newbie via engagement gate (margin=0.48). Persona scores: Brand Newbie=10.75 [gate] [+2 support], Brand Prospect=4.71 [+1 support], Non-Active Supporter=4.32, Brand Champion=2.78. Engagement state: sections=ABCDIJ; flags=has_negative_external_experience, is_hesitant_about_external_programs, runs_external_programs; jabc_recency=+0.00; external_disposition=-0.51"
Sarah_Williams,filename,0.7,Interview_Sarah_Williams_July21_Teacher_Active.xlsx,Teacher Template,Teacher,Teacher Template,Established Supporters,Brand Champion,0.662,True,0.428,0.278,0.367,0.42,0.462,1.0,ABCDEI,True,True,False,False,True,False,False,False,False,False,True,False,0.462,0.0,"has_current_jabc_engagement: [5] …each year… dollar sense - for indigenous learners
students are indigenous
each time program going wel | has_jabc_experience: [5] dollar sense - for indigenous learners
students are indigenous
each time program going well, with a particular volunteer she's connected to and bring  | has_jabc_experience: [5.1] not super easy to find program - the program she's delivering she couldn't find the indigenous learner ; the one she's doing is a bit of combo of two
",3.22,0.55,mixed,3.915,0.55,mixed,3.993,0.55,weak,3.0,0.0,insufficient,3.875,0.55,supported,3.177,0.0,weak,3.53,mixed,0.217,False,,"Selected Brand Champion via engagement gate (margin=0.42). Persona scores: Brand Champion=9.88 [gate], Non-Active Supporter=4.64, Brand Prospect=4.63 [+1 support], Brand Newbie=2.58 [+1 support]. Engagement state: sections=ABCDEI; flags=has_current_jabc_engagement, has_jabc_experience, has_no_external_experience, is_aware_of_jabc; jabc_recency=+0.46; external_disposition=+0.00"
Shannon_Soper,filename,0.7,Interview_Shannon_Soper_July21_Teacher_Active.xlsx,Teacher Template,Teacher,Teacher Template,Established Supporters,Brand Champion,0.652,True,0.375,0.167,0.367,0.391,0.37,1.0,ABCDEIJ,True,True,False,False,True,True,True,False,False,False,False,False,0.0,0.318,"has_current_jabc_engagement: [5] …this year… Used the Dollars with Sense program this year. The content was highly relevant. Students r | has_jabc_experience: [5] Used the Dollars with Sense program this year. The content was highly relevant. Students received situation and character cards, and they enjoyed the  | has_lapsed_jabc_engagement: [5.3] …used to… Communication was adequate and has improved over time. Reminders used to arrive only a wee",3.22,0.55,weak,3.867,0.55,mixed,4.112,0.0,insufficient,3.6,0.55,mixed,4.069,0.55,mixed,3.0,0.0,unknown,3.645,mixed,0.249,False,,"Selected Brand Champion via engagement gate (margin=0.39). Persona scores: Brand Champion=10.04 [gate], Brand Prospect=5.15 [+2 support], Non-Active Supporter=4.55, Brand Newbie=1.72. Engagement state: sections=ABCDEIJ; flags=explores_external_programs, has_current_jabc_engagement, has_jabc_experience, is_aware_of_jabc, runs_external_programs; jabc_recency=+0.00; external_disposition=+0.32"
Soraya_Rajan,filename,0.7,Interview_Soraya_Rajan_July17_Teacher_Unfamiliar.xlsx,Teacher Template,Teacher,Teacher Template,Potential Adopters,Brand Prospect,0.822,True,0.382,0.111,0.275,0.491,0.545,1.0,ABCDIJ,0,False,False,False,True,True,True,False,False,False,False,False,0.0,0.028,,4.2,0.55,weak,3.871,0.55,mixed,3.0,0.0,insufficient,3.085,0.55,mixed,3.0,0.0,unknown,3.0,0.0,unknown,3.359,mixed,0.108,False,,"Selected Brand Prospect via engagement gate (margin=0.49). Persona scores: Brand Prospect=11.14 [gate] [+2 support], Non-Active Supporter=5.00, Brand Champion=4.15, Brand Newbie=2.52. Engagement state: sections=ABCDIJ; flags=explores_external_programs, is_aware_of_jabc, runs_external_programs; jabc_recency=+0.00; external_disposition=+0.03"
Viveka_Johnson__P1_-_Teacher-Active,sheet_grouping,0.45,Interview_Viveka_Johnson_July13_Superintendent_Active.xlsx,P1 - Teacher-Active,Teacher,P1 - Teacher-Active,Established Supporters,Non-Active Supporter,0.762,True,0.372,0.111,0.0,0.513,0.909,1.0,FGH,True,False,True,False,True,False,False,False,False,False,True,True,-0.5,0.0,,3.0,0.0,unknown,3.0,0.0,unknown,3.0,0.0,unknown,2.9,0.0,weak,2.796,0.0,weak,3.0,0.0,unknown,2.949,neutral,0.048,True,Multiple completed response sheets in the same workbook; respondent identity resolved at the sheet level.; Low respondent identity confidence.,"Selected Non-Active Supporter via engagement gate (margin=0.51). Persona scores: Non-Active Supporter=11.50 [gate] [+1 support], Brand Prospect=5.08 [+1 support], Brand Newbie=3.83 [+1 support], Brand Champion=3.29. Engagement state: sections=FGH; flags=has_jabc_experience, has_lapsed_jabc_engagement, has_no_external_experience, is_aware_of_jabc; jabc_recency=-0.50; external_disposition=+0.00"
Viveka_Johnson__P7_-_Superintendent-FamUnfam-No,sheet_grouping,0.45,Interview_Viveka_Johnson_July13_Superintendent_Active.xlsx,P7 - Superintendent-FamUnfam-No,Superintendent,P7 - Superintendent-FamUnfam-No,Potential Adopters,Brand Prospect,0.803,True,0.462,0.278,0.467,0.437,0.5,1.0,ABCHI,0,False,False,False,True,True,True,False,False,False,False,True,0.0,0.202,,3.24,0.55,mixed,3.969,0.55,mixed,3.0,0.0,insufficient,3.99,0.55,mixed,2.329,0.55,mixed,4.477,0.6,mixed,3.501,positive,0.605,True,Multiple completed response sheets in the same workbook; respondent identity resolved at the sheet level.; Low respondent identity confidence.,"Selected Brand Prospect via engagement gate (margin=0.44). Persona scores: Brand Prospect=10.76 [gate] [+2 support], Non-Active Supporter=5.30 [+1 support], Brand Champion=4.67, Brand Newbie=2.42. Engagement state: sections=ABCHI; flags=explores_external_programs, is_aware_of_jabc, runs_external_programs; jabc_recency=+0.00; external_disposition=+0.20"
Zain_Rehmtulla,filename,0.7,Interview_Zain_Rehmtulla_July16_Teacher_Active.xlsx,Teacher Template,Teacher,Teacher Template,Established Supporters,Brand Champion,0.664,True,0.419,0.333,0.275,0.425,0.435,1.0,ABCEI,True,True,False,False,True,False,False,False,False,False,True,False,0.0,0.0,"has_jabc_experience: [5.1] educator portal get into a loop; JABC connect took a bit of time to find, no clear login page | has_jabc_experience: [5.4] part 1, part2 options for a class would be cool
at the beginning feel like it's a lot, stuff is not super intuitive (content, some live some asynchron | is_aware_of_jabc: [5.2] (negated) …don't know what they…",3.22,0.55,mixed,3.937,0.55,mixed,4.181,0.0,insufficient,3.0,0.0,unknown,3.945,0.55,supported,3.236,0.0,weak,3.586,positive,0.451,False,,"Selected Brand Champion via engagement gate (margin=0.42). Persona scores: Brand Champion=9.91 [gate], Non-Active Supporter=4.61, Brand Prospect=4.52 [+1 support], Brand Newbie=2.47 [+1 support]. Engagement state: sections=ABCEI; flags=has_current_jabc_engagement, has_jabc_experience, has_no_external_experience, is_aware_of_jabc; jabc_recency=+0.00; external_disposition=+0.00"
